Style Name,Vendor Name,Family Name,Embedding Vector,Feature Vector,Anchor Embedding,Pair Embedding
Iwata Kyokasyo Pro Extrabold,IWATA,Iwata Kyokasyo Pro,"[0.075408, 0.047395, 0.231045, 0.069324, 0.133161, 0.12648, 0.079264, 0.129107, 0.205073, 0.03255, 0.063001, 0.187273, 0.271906, 0.306062, 0.276949, 0.367688, 0.124791, 0.180044, 0.235373, 0.227457, 0.019076, 0.496914, 0.076282, 0.0855]","[0.44250406, 0.45678541, 0.48277879, 0.58357658, 0.24874976, 0.2477291, 0.26277375, 0.22899555, 0.17442228, 0.43403728, 0.1625449, 18.44444444, 16.66666667, 0.21173214, 0.66517556, 1579.0, 2493241.0, 0.0, 51.0, 0.70588235, 0.20399702, 0.02524383, 0.0, 0.0, 36.0, 6.47869281, 0.36077266, 0.32084391, 1.06519139, 1.31730087, 1.0, 0.13023877, 1.0, 0.29203156, 0.0897076, 1.0, 0.0, 3.0, 0.70588235, 0.79960198, 0.00018749, 0.0, 0.10842637, 0.05555556, 0.0, 0.5, 0.375, 0.15794393, 0.18368902, 0.0, 0.0, 0.0, 0.0, 0.0, 0.0, 1.0, 0.0, 0.05071714, 1.177446, 5.0, 3.0]","[0.158631, -0.957296, 0.0, -0.534448, 0.069088, 0.908255, -0.882265, 0.237857, -0.911208, 0.655579, 0.969795, 0.37269, -0.637599, -0.922206, 0.873361, 0.598703]","[-0.446235, 0.150784, 0.0, 0.472507, -0.47479, -0.052398, 0.081021, 0.284867, 0.113926, -0.54818, -0.116475, -0.551028, 0.468716, 0.094061, -0.133593, -0.490351]"
Heisei Kaku Gothic W9,Adobe,Heisei Kaku Gothic,"[0.278048, 0.070464, 0.273673, 0.054308, 0.083363, 0.10818, 0.029126, 0.264778, 0.249947, 0.036798, 0.401608, 0.134927, 0.193093, 0.145295, 0.251365, 0.261736, 0.17334, 0.120893, 0.227743, 0.361073, 0.055624, 0.282992, 0.082315, -0.002237]","[0.5898377, 0.46179764, 0.48685735, 0.56021011, 0.23572611, 0.25061065, 0.18783632, 0.30615276, 0.10850631, 0.48707732, 0.09826361, 16.22222222, 12.66666667, 0.21803195, 0.52968488, 1675.0, 2805625.0, 0.0, 55.0, 0.7364418, 0.13603098, 0.04200534, 0.0, 0.0, 40.5, 12.74901961, 0.47647868, 0.51556255, 1.57512483, 1.16397034, 1.0, 0.17486236, 1.0, 0.2645791, 0.04605754, 1.0, 2.0, 1.0, 0.74175824, 0.88144074, 0.00107809, 0.0, 0.02402355, 0.14814815, 0.0, 0.5, 0.0, 0.15271132, 0.17150226, 0.0, 0.0, 0.0, 0.0, 0.0, 0.0, 1.00732601, 0.0, 0.0, 1.496985, 8.0, 5.0]","[0.511862, -0.95385, 0.0, -0.746142, 0.464499, 0.887946, -0.918998, -0.075153, -0.915975, 0.763753, 0.904182, 0.564344, -0.69965, -0.930157, 0.957636, 0.648545]","[0.010166, 0.029792, 0.0, 0.004399, 0.017036, -0.053262, 0.024922, -0.026477, 0.063945, -0.047572, -0.093992, -0.014009, 0.014697, 0.083852, -0.04432, -0.011309]"
Iwata Gyousho Std Medium,IWATA,Iwata Gyousho Std,"[0.051604, 0.051033, 0.175032, 0.083842, 0.089151, 0.206937, 0.006612, 0.157424, 0.199162, 0.040978, 0.025612, 0.313087, 0.35816, 0.31627, 0.089425, 0.448039, 0.088737, 0.23333, 0.101783, 0.06747, 0.03146, 0.405631, 0.121416, 0.216581]","[0.37089199, 0.44285524, 0.47808648, 0.56367168, 0.23181057, 0.24651118, 0.32294738, 0.20270694, 0.26110071, 0.39852536, 0.13766699, 19.11111111, 16.55555556, 0.16173156, 0.39148978, 1679.0, 2819041.0, 0.0, 50.0, 0.74, 0.29314212, 0.04021958, 4.0, 0.0, 37.0, 7.4875817, 0.27450792, 0.28299569, 1.07480961, 0.46155915, 1.0, 0.05249064, 1.0, 0.32345873, 0.07806396, 1.0, -18.0, 2.0, 0.71705426, 0.79670703, 0.01939601, 1.6, 0.19091772, 0.27027027, -16.69924425, 0.50684932, 0.525, 0.14947552, 0.10912698, 0.0, 0.0, 0.78539816, 0.0, 0.0, 0.89605538, 0.96899225, 0.0, 0.02641082, 1.671402, 5.0, 2.0]","[0.320504, -0.691728, 0.0, -0.569817, 0.312797, 0.691356, -0.60556, -0.009029, -0.610015, 0.716289, 0.820248, 0.556797, -0.649347, -0.672087, 0.569261, 0.61789]","[-0.194608, 0.548337, 0.0, 0.337579, -0.176197, -0.408207, 0.459021, -0.032944, 0.50055, -0.399827, -0.51196, -0.274258, 0.337643, 0.472164, -0.52324, -0.319775]"
Heisei Maru Gothic W8,Adobe,Heisei Maru Gothic,"[0.212363, 0.072062, 0.286321, 0.053432, 0.032508, 0.138562, 0.076953, 0.178171, 0.328735, 0.038497, 0.443364, 0.127592, 0.264152, 0.203008, 0.168406, 0.350886, 0.188848, 0.132991, 0.174843, 0.288996, 0.042675, 0.216208, 0.077841, -0.00399]","[0.58713825, 0.46414974, 0.48435528, 0.55778001, 0.23791381, 0.24496421, 0.25891787, 0.24614991, 0.16416491, 0.43362245, 0.15606273, 18.44444444, 13.44444444, 0.23004033, 0.50329031, 1835.0, 3367225.0, 0.0, 57.5, 0.74788264, 0.16521036, 0.03175762, 0.0, 0.0, 43.0, 13.82745098, 0.47245274, 0.4974457, 1.45402062, 0.88555787, 1.0, 0.18401896, 1.0, 0.29424109, 0.00645161, 1.0, 0.0, 1.0, 0.76512456, 0.89787639, 0.00196864, 0.0, 0.13523731, 0.09302326, 0.0, 0.47777778, 0.44444444, 0.17295597, 0.16798306, 0.0, 0.0, 0.0, 0.0, 0.0, 0.0, 1.02313167, 0.0, 0.0, 1.508973, 8.0, 5.0]","[-0.129623, -0.20413, 0.0, 0.090864, -0.186105, 0.074174, 0.170792, 0.143539, 0.054225, -0.085136, 0.257122, -0.129873, 0.033969, -0.083215, -0.240417, 0.014781]","[-0.197478, 0.580931, 0.0, 0.330311, -0.154792, -0.497375, 0.508538, -0.059556, 0.559895, -0.395989, -0.599418, -0.252838, 0.342357, 0.543313, -0.567199, -0.325532]"
Iwata Maru Gothic Pro Bold,IWATA,Iwata Maru Gothic Pro,"[0.139161, 0.044359, 0.247193, 0.06632, 0.056202, 0.135244, 0.112503, 0.145461, 0.297501, 0.033386, 0.236692, 0.159033, 0.305839, 0.248497, 0.239142, 0.375223, 0.177469, 0.161155, 0.192509, 0.241383, 0.011539, 0.420978, 0.059515, -0.001671]","[0.50294263, 0.46047663, 0.48121816, 0.56209253, 0.24270925, 0.24386845, 0.28104683, 0.24152395, 0.18114782, 0.39582355, 0.18150467, 16.77777778, 16.88888889, 0.21949916, 0.5274232, 1768.0, 3125824.0, 0.0, 56.0, 0.73214286, 0.2032627, 0.02517774, 0.0, 0.0, 41.0, 9.14248366, 0.40227027, 0.39337443, 1.07909854, 1.20448077, 1.0, 0.19881417, 1.0, 0.31148246, 0.04035714, 1.0, 0.0, 3.0, 0.73214286, 0.86224626, 0.00158293, 0.0, 0.12822364, 0.04878049, 0.0, 0.4939759, 0.55769231, 0.16317486, 0.15019182, 0.0, 0.0, 0.0, 0.0, 0.0, 0.0, 1.0, 0.0, 0.0, 1.084196, 7.0, 5.0]","[-0.204178, -0.25026, 0.0, 0.165537, -0.259972, 0.092781, 0.106315, 0.234372, 0.000855, -0.168025, 0.346521, -0.211926, 0.133554, -0.123427, -0.14995, -0.080876]","[-0.187997, 0.137999, 0.0, 0.187155, -0.184222, -0.103305, 0.098049, 0.09741, 0.102859, -0.201826, -0.154258, -0.202922, 0.192756, 0.093154, -0.118856, -0.203512]"
Iwata Kaisho Std Medium,IWATA,Iwata Kaisho Std,"[0.035252, 0.06223, 0.292029, 0.056246, 0.165156, 0.175609, 0.101806, 0.313868, 0.15534, 0.038956, 0.077983, 0.163743, 0.048711, 0.3137, 0.269935, 0.207557, 0.062793, 0.161236, 0.218974, 0.121067, 0.053957, 0.444409, 0.268101, 0.315192]","[0.25623434, 0.46155831, 0.4967377, 0.52530699, 0.22384012, 0.27280803, 0.25044734, 0.3284562, 0.16903803, 0.34344886, 0.1590569, 18.88888889, 18.44444444, 0.14033217, 0.31639693, 1434.0, 2056356.0, 1.85714286, 46.0, 0.67391304, 0.18745129, 0.03019293, 0.0, 0.0, 31.0, 4.61176471, 0.14776345, 0.23424628, 2.7780083, 0.20197711, 1.0, 0.01750679, 1.0, 0.29191272, 0.26748837, 1.0, -1.0, 3.0, 0.67391304, 0.69281455, 0.00436529, 0.0, 0.14488194, 0.29032258, 0.0, 0.5, 0.42857143, 0.19777778, 0.2578976, 4.66973005, 0.76812851, 0.20749623, 0.01914554, 0.1435317, 0.60005021, 1.0, 0.3754902, 0.05021755, 2.702549, 4.0, 1.0]","[0.151918, -0.703748, 0.0, -0.273121, 0.103077, 0.569565, -0.625765, 0.078668, -0.658918, 0.308738, 0.676365, 0.217106, -0.286296, -0.652118, 0.649823, 0.270165]","[0.106991, -0.257031, 0.0, -0.157436, 0.113428, 0.197191, -0.248564, -0.027179, -0.254218, 0.152669, 0.198669, 0.138554, -0.146928, -0.230374, 0.264954, 0.136241]"
Iwata Kyokasyo Std Bold,IWATA,Iwata Kyokasyo Std,"[0.075912, 0.056192, 0.212494, 0.065328, 0.163673, 0.133916, 0.108533, 0.170861, 0.185636, 0.040657, 0.041556, 0.179976, 0.240368, 0.275529, 0.273895, 0.351367, 0.101305, 0.165992, 0.259499, 0.233119, 0.029612, 0.48057, 0.171274, 0.181387]","[0.41294866, 0.45345306, 0.48086486, 0.58953948, 0.25166602, 0.24969022, 0.25734765, 0.22514869, 0.17187901, 0.44576841, 0.15720389, 18.44444444, 16.44444444, 0.20590278, 0.7342731, 1550.0, 2402500.0, 0.0, 51.0, 0.70588235, 0.17524241, 0.02238267, 0.0, 0.0, 36.0, 5.7504902, 0.35518059, 0.29306803, 1.09004093, 1.54010518, 1.0, 0.10586283, 1.0, 0.29534978, 0.09215398, 1.0, 0.0, 3.0, 0.70588235, 0.83384835, 0.00069612, 0.0, 0.08065984, 0.05555556, 0.0, 0.50704225, 0.20689655, 0.1618277, 0.20150268, 0.0, 0.0, 0.0, 0.0, 0.0, 0.0, 1.0, 0.0, 0.04821662, 1.197739, 4.0, 3.0]","[0.182704, -0.93986, 0.0, -0.537099, 0.10077, 0.875332, -0.849402, 0.183959, -0.880994, 0.636415, 0.951392, 0.343371, -0.618813, -0.897119, 0.838779, 0.57501]","[-0.486956, -0.055061, 0.0, 0.47166, -0.526967, 0.106898, -0.088195, 0.363695, -0.076776, -0.543063, 0.081155, -0.592189, 0.469389, -0.076663, 0.063436, -0.501267]"
Heisei Mincho W9,Adobe,Heisei Mincho,"[0.140249, 0.045887, 0.314963, 0.068117, 0.269873, 0.194723, 0.058874, 0.315752, 0.204727, 0.040027, 0.229887, 0.18426, 0.049415, 0.231714, 0.291094, 0.328914, 0.176758, 0.163523, 0.254373, 0.122941, 0.042732, 0.361282, 0.104603, 0.002231]","[0.42456486, 0.46190406, 0.49236506, 0.55271408, 0.21933032, 0.25972166, 0.23147215, 0.29756425, 0.13794961, 0.43333676, 0.13114938, 19.55555556, 14.33333333, 0.16912481, 0.43299877, 1535.0, 2356225.0, 1.0, 52.5, 0.68559507, 0.11183526, 0.04599964, 0.0, 0.0, 36.0, 9.58039216, 0.29094625, 0.39351394, 2.55490196, 0.36155691, 1.0, 0.04556203, 1.0, 0.27080813, 0.14219467, 1.0, -1.0, 3.0, 0.67924528, 0.83353858, 0.00169828, 0.0, 0.10318882, 0.25, 0.0, 0.49333333, 0.5, 0.15694076, 0.25045094, 3.69589461, 1.15133199, 0.18534795, 0.0132495, 0.11642369, 0.51238946, 0.99056604, 0.43050109, 0.02762858, 2.690794, 6.0, 2.0]","[0.154525, -0.830619, 0.0, -0.298263, 0.130666, 0.668987, -0.731425, 0.074334, -0.742488, 0.338776, 0.775139, 0.16752, -0.27028, -0.751309, 0.826482, 0.256679]","[-0.060313, -0.337237, 0.0, -0.035817, -0.069267, 0.359691, -0.395049, 0.061475, -0.34651, 3e-06, 0.288063, -0.042978, -0.025917, -0.392776, 0.373587, -0.018948]"
Iwata Maru Gothic Std Bold,IWATA,Iwata Maru Gothic Std,"[0.139161, 0.044359, 0.247193, 0.06632, 0.056202, 0.135244, 0.112503, 0.145461, 0.297501, 0.033386, 0.236692, 0.159033, 0.305839, 0.248497, 0.239142, 0.375223, 0.177469, 0.161155, 0.192509, 0.241383, 0.011539, 0.420978, 0.059515, -0.001671]","[0.50294263, 0.46047663, 0.48121816, 0.56209253, 0.24270925, 0.24386845, 0.28104683, 0.24152395, 0.18114782, 0.39582355, 0.18150467, 16.77777778, 16.88888889, 0.21949916, 0.5274232, 1768.0, 3125824.0, 0.0, 56.0, 0.73214286, 0.2032627, 0.02517774, 0.0, 0.0, 41.0, 9.14248366, 0.40227027, 0.39337443, 1.07909854, 1.20448077, 1.0, 0.19881417, 1.0, 0.31148246, 0.04035714, 1.0, 0.0, 3.0, 0.73214286, 0.86224626, 0.00158293, 0.0, 0.12822364, 0.04878049, 0.0, 0.4939759, 0.55769231, 0.16317486, 0.15019182, 0.0, 0.0, 0.0, 0.0, 0.0, 0.0, 1.0, 0.0, 0.0, 1.084196, 7.0, 5.0]","[-0.204178, -0.25026, 0.0, 0.165537, -0.259972, 0.092781, 0.106315, 0.234372, 0.000855, -0.168025, 0.346521, -0.211926, 0.133554, -0.123427, -0.14995, -0.080876]","[-0.187997, 0.137999, 0.0, 0.187155, -0.184222, -0.103305, 0.098049, 0.09741, 0.102859, -0.201826, -0.154258, -0.202922, 0.192756, 0.093154, -0.118856, -0.203512]"
Iwata Fuku Marugo StdN Extrabold,IWATA,Iwata Fuku Marugo,"[0.191697, 0.064964, 0.192186, 0.054818, 0.025244, 0.178806, 0.029711, 0.237919, 0.341826, 0.045128, 0.403327, 0.166542, 0.289692, 0.248252, 0.20574, 0.425528, 0.215285, 0.129294, 0.202328, 0.15917, 0.015052, 0.119231, 0.083335, -0.005095]","[0.56471656, 0.46533818, 0.48674955, 0.56108945, 0.23302248, 0.24329876, 0.28192358, 0.25380336, 0.17138638, 0.42106538, 0.15374488, 17.44444444, 14.77777778, 0.22750015, 0.51097698, 1666.0, 2775556.0, 0.0, 60.5, 0.64467213, 0.11866063, 0.03542031, 0.0, 0.0, 39.0, 13.04761905, 0.4160358, 0.49584884, 1.04112286, 0.80138688, 1.0, 0.23925462, 1.0, 0.30303475, 0.03080587, 1.0, 0.0, 3.0, 0.65436242, 0.8829198, 0.00329206, 0.0, 0.18102218, 0.1025641, -6.34019175, 0.49367089, 0.46296296, 0.19043948, 0.14861111, 4.9795207, 0.83437286, 1.14416883, 0.01443499, 0.00342448, 1.40006112, 1.01510067, 0.0, 0.0, 1.274111, 9.0, 6.0]","[-0.125889, -0.754794, 0.0, 0.033296, -0.162303, 0.535309, -0.352585, 0.174489, -0.447711, -0.102683, 0.69474, -0.18264, -0.003754, -0.600095, 0.441873, -0.012076]","[-0.200653, 0.439419, 0.0, 0.261932, -0.173055, -0.301921, 0.340128, -0.014051, 0.366076, -0.269477, -0.414498, -0.206678, 0.267852, 0.309729, -0.392303, -0.271728]"
Heisei Kaku Gothic W3,Adobe,Heisei Kaku Gothic,"[0.140411, 0.064778, 0.198983, 0.058167, 0.17969, 0.118414, 0.124681, 0.233552, 0.157011, 0.04209, 0.055027, 0.170814, 0.209434, 0.167959, 0.29801, 0.296236, 0.081621, 0.152219, 0.259059, 0.278829, 0.043001, 0.485031, 0.207086, 0.234014]","[0.36014764, 0.4450888, 0.48462352, 0.59122896, 0.25510721, 0.26239844, 0.2185173, 0.25366572, 0.1347958, 0.48773789, 0.12380059, 18.22222222, 16.44444444, 0.17486511, 0.70098838, 1512.0, 2286144.0, 0.0, 55.0, 0.7364418, 0.1546121, 0.0311296, 0.0, 0.0, 40.5, 6.04705882, 0.34700665, 0.29489618, 1.43633126, 1.63161475, 1.0, 0.05757434, 1.0, 0.27109187, 0.08889417, 1.0, 0.0, 1.0, 0.74175824, 0.7701766, 0.0034476, 0.0, 0.02348003, 0.24691358, 0.0, 0.53164557, 0.0, 0.18928263, 0.28430724, 0.0, 0.0, 0.0, 0.0, 0.0, 0.0, 1.00732601, 0.0, 0.0, 1.639694, 4.0, 2.0]","[0.677381, -0.700416, 0.0, -0.806476, 0.676016, 0.569212, -0.639596, -0.328632, -0.627104, 0.88261, 0.686179, 0.807807, -0.799141, -0.647605, 0.75094, 0.796594]","[0.042664, -0.256068, 0.0, -0.077648, 0.027234, 0.218508, -0.208089, 0.033466, -0.213454, 0.08226, 0.285695, 0.037144, -0.085752, -0.228487, 0.22604, 0.078499]"
Iwata Kyokasyo Pro Light,IWATA,Iwata Kyokasyo Pro,"[0.089568, 0.066232, 0.194569, 0.055674, 0.047993, 0.150562, 0.106055, 0.182575, 0.140772, 0.041233, 0.082907, 0.144124, 0.199937, 0.255159, 0.266846, 0.245683, 0.073986, 0.138271, 0.267984, 0.269963, 0.044896, 0.441065, 0.271947, 0.389194]","[0.30894083, 0.44613073, 0.48019697, 0.59524508, 0.25957847, 0.25728404, 0.24970124, 0.23475823, 0.16498236, 0.46160458, 0.13865484, 18.33333333, 18.22222222, 0.17383329, 0.83216731, 1469.0, 2157961.0, 0.0, 48.0, 0.72916667, 0.16040638, 0.01791553, 0.0, 0.0, 35.0, 3.74313725, 0.28566331, 0.20864141, 1.06666667, 1.81115367, 1.0, 0.05014363, 1.0, 0.29578329, 0.10704317, 1.0, 0.0, 3.0, 0.72916667, 0.74513132, 0.00035103, 0.0, 0.04704154, 0.11428571, 0.0, 0.51470588, 0.1, 0.17121212, 0.25638158, 0.0, 0.0, 0.0, 0.0, 0.0, 0.0, 1.0, 0.0, 0.03814617, 1.486695, 3.0, 2.0]","[0.387837, -0.841026, 0.0, -0.628646, 0.343615, 0.731372, -0.702552, -0.04432, -0.755608, 0.691889, 0.831431, 0.537506, -0.651639, -0.775217, 0.650164, 0.650727]","[-0.302, -0.162746, 0.0, 0.259283, -0.330943, 0.162095, -0.158697, 0.245415, -0.163612, -0.301183, 0.165649, -0.361483, 0.258091, -0.167302, 0.154993, -0.28942]"
Iwata Kyokasyo Pro Demibold,IWATA,Iwata Kyokasyo Pro,"[0.093253, 0.063824, 0.202051, 0.057456, 0.053491, 0.145769, 0.123365, 0.171796, 0.151695, 0.039074, 0.069228, 0.150577, 0.221728, 0.270835, 0.279089, 0.25125, 0.073405, 0.148704, 0.259763, 0.255542, 0.040193, 0.464545, 0.233958, 0.355375]","[0.33490677, 0.44837345, 0.47984631, 0.59022477, 0.25693236, 0.25556772, 0.2514318, 0.23215499, 0.16127789, 0.45272733, 0.15383979, 18.33333333, 17.77777778, 0.17972092, 0.72978364, 1491.0, 2223081.0, 0.0, 48.0, 0.72916667, 0.18579267, 0.01852616, 0.0, 0.0, 35.0, 4.23529412, 0.29161202, 0.22898865, 1.07201459, 1.34498061, 1.0, 0.07765994, 1.0, 0.28793721, 0.105721, 1.0, 0.0, 3.0, 0.72916667, 0.71905408, 0.00470135, 0.0, 0.0674807, 0.11428571, 0.0, 0.51470588, 0.125, 0.16840537, 0.2505117, 0.0, 0.0, 0.0, 0.0, 0.0, 0.0, 1.0, 0.0, 0.02035141, 1.319078, 3.0, 2.0]","[0.198272, -0.612575, 0.0, -0.39215, 0.165017, 0.474697, -0.416423, 0.00061, -0.475384, 0.472429, 0.62977, 0.290177, -0.435425, -0.513662, 0.343187, 0.429223]","[-0.37449, 0.082664, 0.0, 0.389251, -0.396765, -0.025152, 0.04426, 0.242187, 0.05946, -0.453062, -0.064195, -0.462522, 0.388064, 0.054668, -0.076642, -0.408863]"
Iwata Fuku Marugo StdN Regular,IWATA,Iwata Fuku Marugo,"[0.144061, 0.062405, 0.190702, 0.056564, 0.066868, 0.134086, 0.053555, 0.179521, 0.152311, 0.038702, 0.047336, 0.18181, 0.264629, 0.31506, 0.294532, 0.337007, 0.058006, 0.157807, 0.231132, 0.269278, 0.023469, 0.401782, 0.244478, 0.269597]","[0.35656083, 0.44045672, 0.48384179, 0.59061496, 0.25104878, 0.25465325, 0.26534038, 0.23711923, 0.17008304, 0.44944209, 0.14335564, 19.33333333, 16.44444444, 0.18492355, 0.64948457, 1422.0, 2022084.0, 0.0, 53.5, 0.63556953, 0.11377925, 0.02538995, 0.0, 0.0, 34.0, 5.41294118, 0.3018638, 0.28735881, 0.95720109, 1.12869354, 1.0, 0.06931225, 1.0, 0.29491386, 0.10505681, 1.0, 0.0, 3.0, 0.62730627, 0.74420783, 0.0, 0.0, 0.10206424, 0.26470588, -8.13010236, 0.51515152, 0.46666667, 0.20869172, 0.23162393, 0.0, 0.66568627, 0.98279372, 0.00280152, 0.00481276, 1.48405799, 0.98708487, 0.0, 0.0, 1.159235, 4.0, 3.0]","[0.732188, 0.577731, 0.0, -0.670874, 0.77696, -0.705245, 0.593415, -0.564666, 0.620759, 0.771054, -0.635639, 0.828526, -0.574031, 0.62366, -0.554294, 0.71562]","[-0.320655, 0.443209, 0.0, 0.377278, -0.311492, -0.29442, 0.352193, 0.097387, 0.348665, -0.394748, -0.387845, -0.360952, 0.381357, 0.338311, -0.404019, -0.386901]"
Iwata Fuku Marugo StdN Medium,IWATA,Iwata Fuku Marugo,"[0.144778, 0.042282, 0.213426, 0.064302, 0.112208, 0.126591, 0.052751, 0.181353, 0.216225, 0.03274, 0.064263, 0.193969, 0.29935, 0.308968, 0.269704, 0.447407, 0.148651, 0.180762, 0.229518, 0.20905, 0.002413, 0.402595, 0.044275, 0.022653]","[0.43771252, 0.44931382, 0.48341001, 0.58092535, 0.24339016, 0.24956188, 0.27194381, 0.24064613, 0.16784882, 0.44009469, 0.15141036, 17.33333333, 16.88888889, 0.20642193, 0.58070333, 1502.0, 2256004.0, 0.0, 55.5, 0.6487013, 0.11825708, 0.0290089, 0.0, 0.0, 36.0, 7.94705882, 0.33924143, 0.36430707, 1.04354393, 0.86912924, 1.0, 0.11791021, 1.0, 0.293533, 0.09049364, 1.0, 0.0, 3.0, 0.63829787, 0.81093894, 0.00038291, 0.0, 0.1333915, 0.19444444, -9.46232222, 0.51428571, 0.44444444, 0.1999142, 0.18667917, 4.12941176, 0.60566449, 1.03037683, 0.00571662, 0.00695675, 1.47432255, 0.98404255, 0.0, 0.0, 1.185639, 5.0, 4.0]","[0.275396, 0.494161, 0.0, -0.203614, 0.312897, -0.441914, 0.460149, -0.201719, 0.454321, 0.284487, -0.398371, 0.399758, -0.200768, 0.462148, -0.524683, 0.297668]","[-0.248686, 0.610227, 0.0, 0.346071, -0.215134, -0.424226, 0.487531, -0.029428, 0.502561, -0.343674, -0.552296, -0.25214, 0.346884, 0.445624, -0.552826, -0.345513]"
Heisei Mincho N W3,Adobe,Heisei Mincho N,"[0.089191, 0.066531, 0.305281, 0.054243, 0.172427, 0.184271, 0.072075, 0.332327, 0.141028, 0.03869, 0.079336, 0.165672, 0.054052, 0.252665, 0.265191, 0.235734, 0.081904, 0.159353, 0.212766, 0.13148, 0.051816, 0.43644, 0.257556, 0.331985]","[0.26859604, 0.45657194, 0.4886795, 0.57771968, 0.22856292, 0.27095982, 0.24050044, 0.27226324, 0.14726286, 0.44316286, 0.13731104, 19.66666667, 18.55555556, 0.13081298, 0.40326797, 1446.0, 2090916.0, 1.71428571, 55.0, 0.67261905, 0.10918432, 0.03243229, 0.0, 0.0, 37.0, 4.96862745, 0.16543823, 0.24504417, 1.77645503, 0.18431589, 1.0, 0.02573204, 1.0, 0.28369461, 0.21528042, 1.0, -1.0, 3.0, 0.67765568, 0.74305779, 0.00472855, 0.0, 0.09534197, 0.27027027, 0.0, 0.52777778, 0.5, 0.17060732, 0.28415698, 3.48695231, 1.02217865, 0.21866895, 0.01231877, 0.11644136, 0.41822433, 1.00732601, 0.55392157, 0.01992351, 2.142866, 3.0, 2.0]","[0.430804, -0.991063, 0.0, -0.771279, 0.356846, 0.976885, -0.98359, 0.187624, -0.985962, 0.849551, 0.991284, 0.653669, -0.79842, -0.984613, 0.98893, 0.747114]","[0.178471, -0.698455, 0.0, -0.340098, 0.143155, 0.671401, -0.672031, 0.026916, -0.668789, 0.376287, 0.72314, 0.236031, -0.350584, -0.712017, 0.695033, 0.308703]"
Heisei Mincho W3,Adobe,Heisei Mincho,"[0.07213, 0.065794, 0.295383, 0.05376, 0.174926, 0.155841, 0.052391, 0.310324, 0.12562, 0.03973, 0.08585, 0.1627, 0.052388, 0.29721, 0.284669, 0.204383, 0.051292, 0.157444, 0.233348, 0.127625, 0.054089, 0.436419, 0.304306, 0.311706]","[0.27151875, 0.45599561, 0.49239936, 0.56434488, 0.22881377, 0.26981241, 0.24369386, 0.28999018, 0.1509243, 0.41713666, 0.14194886, 18.88888889, 19.11111111, 0.13349717, 0.37477396, 1328.0, 1763584.0, 2.0, 52.5, 0.64749637, 0.08385998, 0.03797453, 0.0, 0.0, 34.0, 4.96862745, 0.15963644, 0.25784644, 1.79392338, 0.21569979, 1.0, 0.02991842, 1.0, 0.28072864, 0.22519676, 1.0, -2.0, 3.0, 0.69387755, 0.7304027, 0.00012308, 0.0, 0.099392, 0.26470588, 0.0, 0.52238806, 0.5, 0.22061567, 0.26237179, 3.57389706, 0.96752307, 0.24497866, 0.01284012, 0.13458152, 0.51238946, 1.07142857, 0.29716776, 0.02592717, 2.142866, 3.0, 2.0]","[0.330422, -0.995372, 0.0, -0.732868, 0.234626, 0.985262, -0.989458, 0.291278, -0.991336, 0.814155, 0.99489, 0.544816, -0.760831, -0.990764, 0.993364, 0.698699]","[0.319365, -0.788061, 0.0, -0.501232, 0.281481, 0.741831, -0.755365, -0.003685, -0.763812, 0.547942, 0.795273, 0.403236, -0.507934, -0.777456, 0.782418, 0.474846]"
Heisei Mincho W7,Adobe,Heisei Mincho,"[0.114946, 0.053092, 0.319476, 0.067675, 0.285005, 0.209666, 0.083128, 0.321942, 0.183868, 0.041508, 0.164656, 0.194032, 0.053398, 0.257076, 0.28327, 0.305783, 0.158582, 0.166898, 0.241897, 0.115237, 0.043029, 0.375083, 0.172641, 0.038264]","[0.37484424, 0.45960846, 0.49206121, 0.55567917, 0.22102242, 0.26190259, 0.23981623, 0.28874313, 0.1456773, 0.42345918, 0.1421204, 20.0, 14.77777778, 0.15662942, 0.41733256, 1460.0, 2131600.0, 1.2, 52.5, 0.68559507, 0.13327724, 0.04312227, 0.0, 0.0, 36.0, 8.14117647, 0.24582011, 0.35992539, 2.19838872, 0.31725654, 1.0, 0.04556203, 1.0, 0.27679938, 0.16070129, 1.0, 0.0, 3.0, 0.67924528, 0.80005175, 0.00319236, 0.0, 0.10655906, 0.25, 0.0, 0.50684932, 0.48571429, 0.17267809, 0.26315351, 3.31991422, 1.19115702, 0.18534795, 0.01101257, 0.10773213, 0.46364761, 0.99056604, 0.3956427, 0.02854417, 3.571444, 5.0, 2.0]","[0.059609, -0.86458, 0.0, -0.247305, 0.010109, 0.737196, -0.793708, 0.171046, -0.809041, 0.279922, 0.824347, 0.056455, -0.225267, -0.805132, 0.852981, 0.196616]","[0.165404, -0.869772, 0.0, -0.410216, 0.103695, 0.82328, -0.844779, 0.144858, -0.838137, 0.406824, 0.856285, 0.20804, -0.411377, -0.8484, 0.862605, 0.350166]"
Iwata Maru Gothic Pro Medium,IWATA,Iwata Maru Gothic Pro,"[0.057266, 0.05814, 0.195433, 0.065081, 0.17116, 0.130047, 0.130442, 0.150677, 0.232854, 0.040799, 0.037751, 0.17325, 0.260483, 0.226797, 0.276545, 0.300904, 0.110398, 0.163248, 0.239113, 0.212006, 0.030147, 0.53652, 0.158835, 0.190786]","[0.38316778, 0.45118838, 0.47935037, 0.58297051, 0.25185718, 0.25253864, 0.26697981, 0.22928728, 0.16651969, 0.43382145, 0.17037158, 17.11111111, 18.44444444, 0.18999094, 0.62733959, 1652.0, 2729104.0, 0.0, 56.0, 0.73214286, 0.18581787, 0.01893131, 0.0, 0.0, 41.0, 5.96862745, 0.34985422, 0.28697768, 1.11916046, 1.27432918, 1.0, 0.08778364, 1.0, 0.30519977, 0.1012219, 1.0, 0.0, 3.0, 0.73214286, 0.79110664, 0.00039886, 0.0, 0.08382552, 0.07317073, 0.0, 0.5125, 0.5, 0.17519514, 0.23424701, 0.0, 0.0, 0.0, 0.0, 0.0, 0.0, 1.0, 0.0, 0.0, 1.180149, 5.0, 3.0]","[0.142461, -0.745662, 0.0, -0.33107, 0.077128, 0.552085, -0.475574, 0.083043, -0.542639, 0.382064, 0.747774, 0.216434, -0.376632, -0.616159, 0.51151, 0.386875]","[-0.377092, 0.093333, 0.0, 0.373774, -0.396946, -0.042703, 0.056018, 0.248435, 0.055066, -0.415696, -0.078481, -0.447692, 0.374923, 0.050665, -0.075678, -0.397034]"
Iwata Kaisho Pro Medium,IWATA,Iwata Kaisho Pro,"[0.034225, 0.062657, 0.294939, 0.054726, 0.155735, 0.168175, 0.103169, 0.320668, 0.153339, 0.038811, 0.078979, 0.162117, 0.050127, 0.307141, 0.269673, 0.207299, 0.070747, 0.161354, 0.217323, 0.123053, 0.054871, 0.44035, 0.2694, 0.325454]","[0.25626111, 0.46157582, 0.49668726, 0.52530699, 0.22384116, 0.27282752, 0.25009897, 0.3284064, 0.16838875, 0.34420603, 0.15899882, 18.88888889, 18.44444444, 0.14031759, 0.31639738, 1434.0, 2056356.0, 1.85714286, 46.0, 0.67391304, 0.1872413, 0.03019293, 0.0, 0.0, 31.0, 4.61176471, 0.14776345, 0.23429383, 2.7780083, 0.20193788, 1.0, 0.01750679, 1.0, 0.29191272, 0.26748837, 1.0, 3.0, 3.0, 0.67391304, 0.69310604, 0.00418806, 0.0, 0.14488194, 0.29032258, 0.0, 0.5, 0.42857143, 0.19777778, 0.2578976, 4.66973005, 0.76812851, 0.20749623, 0.01914554, 0.1435317, 0.60005021, 1.0, 0.3754902, 0.05021755, 2.682868, 3.0, 1.0]","[0.149835, -0.702801, 0.0, -0.271587, 0.103427, 0.570517, -0.625589, 0.076705, -0.656673, 0.305614, 0.674842, 0.213478, -0.283262, -0.651745, 0.655228, 0.264641]","[0.102346, -0.32381, 0.0, -0.154936, 0.095666, 0.272977, -0.314052, -0.003824, -0.311562, 0.133864, 0.284236, 0.112509, -0.148256, -0.289496, 0.325281, 0.136325]"
Iwata Kyokasyo Std Demibold,IWATA,Iwata Kyokasyo Std,"[0.092967, 0.063807, 0.201473, 0.057483, 0.053608, 0.1457, 0.123484, 0.171735, 0.151922, 0.039113, 0.069346, 0.150508, 0.221427, 0.270491, 0.279257, 0.250977, 0.07299, 0.148545, 0.260021, 0.255662, 0.040227, 0.464981, 0.23449, 0.355143]","[0.33487091, 0.4484364, 0.47985226, 0.59022477, 0.25691844, 0.25557827, 0.25170249, 0.23216934, 0.16126133, 0.45252351, 0.15404581, 18.33333333, 17.77777778, 0.17971483, 0.7297719, 1491.0, 2223081.0, 0.0, 48.0, 0.72916667, 0.17969339, 0.01852616, 0.0, 0.0, 35.0, 4.23529412, 0.29161202, 0.22898429, 1.07201459, 1.34515136, 1.0, 0.07765994, 1.0, 0.28908664, 0.105721, 1.0, 0.0, 3.0, 0.72916667, 0.71905408, 0.00470874, 0.0, 0.0674807, 0.11428571, 0.0, 0.51470588, 0.125, 0.16840537, 0.2505117, 0.0, 0.0, 0.0, 0.0, 0.0, 0.0, 1.0, 0.0, 0.02035141, 1.319078, 3.0, 2.0]","[0.197388, -0.638597, 0.0, -0.400344, 0.16085, 0.504098, -0.448936, 0.010142, -0.507187, 0.480816, 0.655518, 0.291527, -0.444199, -0.54311, 0.37744, 0.4359]","[-0.376577, 0.072049, 0.0, 0.388687, -0.399485, -0.016659, 0.034897, 0.246267, 0.049269, -0.452272, -0.0545, -0.464371, 0.387618, 0.04518, -0.06621, -0.40911]"
Iwata Gyousho Pro Medium,IWATA,Iwata Gyousho Pro,"[0.048886, 0.050318, 0.17444, 0.080971, 0.08922, 0.204241, 0.007787, 0.163204, 0.201867, 0.040008, 0.021055, 0.314091, 0.355675, 0.321628, 0.089409, 0.448919, 0.090089, 0.228448, 0.100795, 0.068915, 0.026632, 0.408673, 0.116209, 0.210622]","[0.37094754, 0.44291366, 0.47810022, 0.56367168, 0.23185694, 0.24656041, 0.32419875, 0.20241265, 0.26140418, 0.39895002, 0.13723316, 19.11111111, 16.55555556, 0.16174568, 0.39158383, 1679.0, 2819041.0, 0.0, 50.0, 0.74, 0.29320075, 0.04021958, 4.0, 0.0, 37.0, 7.48366013, 0.27504127, 0.28314568, 1.07873395, 0.46270231, 1.0, 0.05249064, 1.0, 0.32399464, 0.07806396, 1.0, -18.0, 2.0, 0.71705426, 0.79667354, 0.01952703, 1.2, 0.19375684, 0.27027027, -16.69924425, 0.50684932, 0.525, 0.14947552, 0.10912698, 0.0, 0.0, 0.78539816, 0.0, 0.0, 0.89605538, 0.96899225, 0.0, 0.02641082, 1.671402, 5.0, 2.0]","[0.326122, -0.389457, 0.0, -0.516809, 0.335586, 0.481068, -0.363082, -0.071745, -0.356184, 0.675583, 0.636053, 0.559212, -0.603027, -0.420987, 0.262608, 0.583545]","[-0.170633, 0.517727, 0.0, 0.308848, -0.153029, -0.367615, 0.422814, -0.044025, 0.468263, -0.368479, -0.472799, -0.24396, 0.306734, 0.428644, -0.490805, -0.290366]"
Heisei Kaku Gothic W5,Adobe,Heisei Kaku Gothic,"[0.180361, 0.049111, 0.219432, 0.067138, 0.214489, 0.112278, 0.048565, 0.230523, 0.163575, 0.038126, 0.158921, 0.184485, 0.183406, 0.209219, 0.293048, 0.325119, 0.14886, 0.160825, 0.284003, 0.275771, 0.036681, 0.477918, 0.081652, 0.02546]","[0.46046719, 0.45284934, 0.48262636, 0.57532805, 0.24418236, 0.2529072, 0.2193604, 0.27917857, 0.13510725, 0.47224624, 0.11346793, 18.66666667, 15.66666667, 0.20471896, 0.60361561, 1441.0, 2076481.0, 0.0, 49.5, 0.7777551, 0.31019345, 0.0251499, 0.0, 0.0, 38.5, 8.20392157, 0.35889641, 0.40086534, 1.25645646, 1.08967454, 1.0, 0.11837187, 1.0, 0.26419358, 0.08771221, 1.0, 0.0, 1.0, 0.7103321, 0.8172461, 0.00012878, 0.0, 0.0324393, 0.23376623, 0.0, 0.52631579, 0.40909091, 0.19864865, 0.21097106, 0.0, 0.0, 0.0, 0.0, 0.0, 0.0, 0.91328413, 0.0, 0.0, 1.475581, 5.0, 3.0]","[-0.302581, -0.541948, 0.0, 0.221841, -0.348344, 0.450916, -0.365729, 0.235658, -0.388846, -0.298011, 0.453589, -0.437235, 0.190913, -0.464977, 0.498205, -0.282284]","[-0.049878, 0.329484, 0.0, 0.086509, -0.02262, -0.286037, 0.288594, -0.038582, 0.281182, -0.064596, -0.33679, -0.022604, 0.090401, 0.270509, -0.313384, -0.082935]"
Iwata Maru Gothic Std Demibold,IWATA,Iwata Maru Gothic Std,"[0.093619, 0.046708, 0.2478, 0.06813, 0.117965, 0.126691, 0.120182, 0.141694, 0.280009, 0.033375, 0.132259, 0.178831, 0.295798, 0.251981, 0.25642, 0.347712, 0.163228, 0.171367, 0.212762, 0.236892, 0.017812, 0.480776, 0.053547, 0.012519]","[0.45563345, 0.45708863, 0.48027441, 0.56619622, 0.24562067, 0.24709223, 0.27791842, 0.23764489, 0.18146881, 0.39843805, 0.18244825, 16.88888889, 17.44444444, 0.20971496, 0.54553463, 1743.0, 3038049.0, 0.0, 56.0, 0.73214286, 0.19727311, 0.022175, 0.0, 0.0, 41.0, 7.92331155, 0.3796558, 0.35432947, 1.09521385, 1.16726566, 1.0, 0.14856152, 1.0, 0.31255107, 0.09169622, 1.0, 0.0, 3.0, 0.73214286, 0.82114317, 0.00130803, 0.0, 0.11753711, 0.07317073, 0.0, 0.4939759, 0.52083333, 0.16966476, 0.18137612, 0.0, 0.0, 0.0, 0.0, 0.0, 0.0, 1.0, 0.0, 0.0, 1.204095, 6.0, 4.0]","[-0.116776, -0.671611, 0.0, -0.063091, -0.185546, 0.537547, -0.386469, 0.244643, -0.465526, 0.080963, 0.719001, -0.081556, -0.112263, -0.570359, 0.424401, 0.104328]","[-0.260691, 0.150536, 0.0, 0.261563, -0.262683, -0.104652, 0.105881, 0.145764, 0.109495, -0.285315, -0.157417, -0.292956, 0.266145, 0.098498, -0.129005, -0.281203]"
Iwata Gyousho Pro Bold,IWATA,Iwata Gyousho Pro,"[0.05835, 0.048528, 0.162308, 0.090606, 0.105926, 0.171828, 0.004964, 0.165008, 0.21288, 0.044969, 0.057622, 0.297084, 0.377841, 0.32561, 0.09273, 0.455865, 0.1154, 0.231837, 0.100294, 0.058095, 0.022446, 0.406872, 0.154038, 0.131516]","[0.38818227, 0.44705525, 0.4811409, 0.56374809, 0.23094733, 0.24477835, 0.32487521, 0.20479417, 0.24982286, 0.40420622, 0.14117675, 18.88888889, 16.55555556, 0.16929615, 0.4000984, 1693.0, 2866249.0, 0.0, 50.5, 0.7527451, 0.29542354, 0.04357842, 4.0, 0.0, 38.0, 7.93366013, 0.28674481, 0.29440201, 1.06538809, 0.4907134, 1.0, 0.05924452, 1.0, 0.32769811, 0.07557998, 1.0, -17.0, 2.0, 0.73359073, 0.80878233, 0.02100978, 0.6, 0.18858857, 0.26315789, -11.30993249, 0.50684932, 0.475, 0.14693172, 0.1031746, 0.0, 0.0, 0.78539816, 0.0, 0.0, 0.98279372, 0.97490347, 0.0, 0.03158417, 1.603611, 5.0, 3.0]","[0.311235, 0.723561, 0.0, -0.228464, 0.374502, -0.567869, 0.67182, -0.290773, 0.712415, 0.359414, -0.575624, 0.453777, -0.283818, 0.646808, -0.704282, 0.333017]","[-0.129914, 0.385016, 0.0, 0.227442, -0.116771, -0.217554, 0.270367, -0.043221, 0.333648, -0.281478, -0.335811, -0.175558, 0.222082, 0.260459, -0.353885, -0.217602]"
Iwata Maru Gothic Std Medium,IWATA,Iwata Maru Gothic Std,"[0.057266, 0.05814, 0.195433, 0.065081, 0.17116, 0.130047, 0.130442, 0.150677, 0.232854, 0.040799, 0.037751, 0.17325, 0.260483, 0.226797, 0.276545, 0.300904, 0.110398, 0.163248, 0.239113, 0.212006, 0.030147, 0.53652, 0.158835, 0.190786]","[0.38316778, 0.45118838, 0.47935037, 0.58297051, 0.25185718, 0.25253864, 0.26697981, 0.22928728, 0.16651969, 0.43382145, 0.17037158, 17.11111111, 18.44444444, 0.18999094, 0.62733959, 1652.0, 2729104.0, 0.0, 56.0, 0.73214286, 0.18581787, 0.01893131, 0.0, 0.0, 41.0, 5.96862745, 0.34985422, 0.28697768, 1.11916046, 1.27432918, 1.0, 0.08778364, 1.0, 0.30519977, 0.1012219, 1.0, 0.0, 3.0, 0.73214286, 0.79110664, 0.00039886, 0.0, 0.08382552, 0.07317073, 0.0, 0.5125, 0.5, 0.17519514, 0.23424701, 0.0, 0.0, 0.0, 0.0, 0.0, 0.0, 1.0, 0.0, 0.0, 1.180149, 5.0, 3.0]","[0.142461, -0.745662, 0.0, -0.33107, 0.077128, 0.552085, -0.475574, 0.083043, -0.542639, 0.382064, 0.747774, 0.216434, -0.376632, -0.616159, 0.51151, 0.386875]","[-0.377092, 0.093333, 0.0, 0.373774, -0.396946, -0.042703, 0.056018, 0.248435, 0.055066, -0.415696, -0.078481, -0.447692, 0.374923, 0.050665, -0.075678, -0.397034]"
Heisei Kaku Gothic W7,Adobe,Heisei Kaku Gothic,"[0.253854, 0.051933, 0.285065, 0.058306, 0.151092, 0.105421, 0.039239, 0.257534, 0.216475, 0.035927, 0.295245, 0.160714, 0.1903, 0.145142, 0.266946, 0.299045, 0.162167, 0.137991, 0.245097, 0.363674, 0.044464, 0.349453, 0.074214, -0.000989]","[0.52672033, 0.456841, 0.48602207, 0.56894322, 0.24117594, 0.25335842, 0.19706901, 0.28778685, 0.11435721, 0.48944647, 0.10840946, 17.11111111, 13.55555556, 0.20979813, 0.56920823, 1586.0, 2515396.0, 0.0, 55.0, 0.7364418, 0.16626117, 0.0342924, 0.0, 0.0, 40.5, 10.79607843, 0.4351918, 0.47566455, 1.49973643, 1.19048249, 1.0, 0.1395517, 1.0, 0.26210958, 0.05302092, 1.0, 2.0, 1.0, 0.74175824, 0.86004554, 0.00137873, 0.0, 0.02284351, 0.17283951, 0.0, 0.5, 0.0, 0.16827528, 0.20076378, 0.0, 0.0, 0.0, 0.0, 0.0, 0.0, 1.00732601, 0.0, 0.0, 1.754838, 7.0, 4.0]","[0.464073, -0.971042, 0.0, -0.747155, 0.40284, 0.927518, -0.949843, 0.012076, -0.948579, 0.775904, 0.944818, 0.532933, -0.704523, -0.954781, 0.976317, 0.645645]","[-0.018105, -0.140439, 0.0, -0.003892, -0.023209, 0.091447, -0.12372, 0.034987, -0.096647, -0.036411, 0.080144, -0.043532, 0.005009, -0.075146, 0.12107, -0.012569]"
Heisei Maru Gothic W4,Adobe,Heisei Maru Gothic,"[0.100382, 0.056728, 0.221606, 0.065241, 0.210092, 0.12508, 0.128397, 0.173977, 0.200137, 0.039653, 0.057776, 0.188711, 0.260597, 0.205044, 0.259063, 0.389143, 0.129375, 0.174575, 0.206569, 0.219543, 0.024151, 0.497705, 0.1382, 0.110676]","[0.42229031, 0.45068397, 0.48224615, 0.5979862, 0.24961227, 0.25448398, 0.2471296, 0.21656165, 0.15807124, 0.48273115, 0.14263596, 19.11111111, 16.66666667, 0.19924646, 0.66168871, 1621.0, 2627641.0, 0.0, 55.5, 0.75681818, 0.15911352, 0.02661878, 0.0, 0.0, 42.0, 7.28235294, 0.3990768, 0.32394719, 1.30411687, 1.26709101, 1.0, 0.08337071, 1.0, 0.28287661, 0.06280042, 1.0, 0.0, 1.0, 0.76086957, 0.8191338, 0.0, 0.0, 0.10586973, 0.16666667, 0.0, 0.51807229, 0.52631579, 0.1590106, 0.23952206, 0.0, 0.0, 0.0, 0.0, 0.0, 0.0, 1.00543478, 0.0, 0.0, 1.209561, 5.0, 3.0]","[0.266045, -0.866333, 0.0, -0.57613, 0.18212, 0.827925, -0.795419, 0.07588, -0.821732, 0.632997, 0.880023, 0.419467, -0.635042, -0.840086, 0.811851, 0.568025]","[-0.203863, 0.069159, 0.0, 0.227077, -0.213738, -0.040646, 0.058665, 0.117848, 0.082136, -0.284509, -0.061002, -0.265143, 0.227424, 0.079005, -0.092689, -0.234791]"
Iwata Maru Gothic Pro Demibold,IWATA,Iwata Maru Gothic Pro,"[0.093619, 0.046708, 0.2478, 0.06813, 0.117965, 0.126691, 0.120182, 0.141694, 0.280009, 0.033375, 0.132259, 0.178831, 0.295798, 0.251981, 0.25642, 0.347712, 0.163228, 0.171367, 0.212762, 0.236892, 0.017812, 0.480776, 0.053547, 0.012519]","[0.45563345, 0.45708863, 0.48027441, 0.56619622, 0.24562067, 0.24709223, 0.27791842, 0.23764489, 0.18146881, 0.39843805, 0.18244825, 16.88888889, 17.44444444, 0.20971496, 0.54553463, 1743.0, 3038049.0, 0.0, 56.0, 0.73214286, 0.19727311, 0.022175, 0.0, 0.0, 41.0, 7.92331155, 0.3796558, 0.35432947, 1.09521385, 1.16726566, 1.0, 0.14856152, 1.0, 0.31255107, 0.09169622, 1.0, 0.0, 3.0, 0.73214286, 0.82114317, 0.00130803, 0.0, 0.11753711, 0.07317073, 0.0, 0.4939759, 0.52083333, 0.16966476, 0.18137612, 0.0, 0.0, 0.0, 0.0, 0.0, 0.0, 1.0, 0.0, 0.0, 1.204095, 6.0, 4.0]","[-0.116776, -0.671611, 0.0, -0.063091, -0.185546, 0.537547, -0.386469, 0.244643, -0.465526, 0.080963, 0.719001, -0.081556, -0.112263, -0.570359, 0.424401, 0.104328]","[-0.260691, 0.150536, 0.0, 0.261563, -0.262683, -0.104652, 0.105881, 0.145764, 0.109495, -0.285315, -0.157417, -0.292956, 0.266145, 0.098498, -0.129005, -0.281203]"
Iwata Kyokasyo Std Extrabold,IWATA,Iwata Kyokasyo Std,"[0.075425, 0.047396, 0.231092, 0.06932, 0.133136, 0.126479, 0.079231, 0.129115, 0.205072, 0.032545, 0.06298, 0.187285, 0.271953, 0.306074, 0.276913, 0.367767, 0.124787, 0.180062, 0.235322, 0.227434, 0.019063, 0.496865, 0.076263, 0.085478]","[0.44250501, 0.45678135, 0.48278312, 0.58357658, 0.24875343, 0.24772825, 0.26277375, 0.229042, 0.17442228, 0.43403728, 0.16249845, 18.44444444, 16.66666667, 0.21173438, 0.66517173, 1579.0, 2493241.0, 0.0, 51.0, 0.70588235, 0.20425975, 0.02524383, 0.0, 0.0, 36.0, 6.47869281, 0.36077266, 0.32084839, 1.06519139, 1.31731807, 1.0, 0.13023877, 1.0, 0.29203156, 0.0897076, 1.0, 0.0, 3.0, 0.70588235, 0.79960198, 0.00018753, 0.0, 0.10842637, 0.05555556, 0.0, 0.5, 0.375, 0.15794393, 0.18368902, 0.0, 0.0, 0.0, 0.0, 0.0, 0.0, 1.0, 0.0, 0.05071714, 1.176811, 5.0, 3.0]","[0.158688, -0.957297, 0.0, -0.534461, 0.06915, 0.908236, -0.882268, 0.237876, -0.911213, 0.655626, 0.969796, 0.372773, -0.637602, -0.922198, 0.873333, 0.59874]","[-0.446183, 0.150882, 0.0, 0.472477, -0.47473, -0.052465, 0.08109, 0.284796, 0.114015, -0.548153, -0.116572, -0.55097, 0.468683, 0.09412, -0.133682, -0.490315]"
Iwata Kyokasyo Pro Bold,IWATA,Iwata Kyokasyo Pro,"[0.076123, 0.056184, 0.212483, 0.065333, 0.163343, 0.133887, 0.108854, 0.17102, 0.185699, 0.040629, 0.041564, 0.179874, 0.240298, 0.275248, 0.27426, 0.351293, 0.101306, 0.165945, 0.259412, 0.233087, 0.029596, 0.480708, 0.17113, 0.181424]","[0.41294812, 0.4534615, 0.48087559, 0.58953948, 0.25166798, 0.24969672, 0.25734765, 0.22544229, 0.17122175, 0.44605811, 0.15727785, 18.44444444, 16.44444444, 0.20590086, 0.73427327, 1550.0, 2402500.0, 0.0, 51.0, 0.70588235, 0.17524378, 0.02238267, 0.0, 0.0, 36.0, 5.7504902, 0.35518059, 0.29306381, 1.09004093, 1.54007493, 1.0, 0.10586283, 1.0, 0.29534978, 0.09215398, 1.0, 0.0, 3.0, 0.70588235, 0.83384835, 0.00069436, 0.0, 0.08065984, 0.05555556, 0.0, 0.50704225, 0.20689655, 0.1618277, 0.20150268, 0.0, 0.0, 0.0, 0.0, 0.0, 0.0, 1.0, 0.0, 0.04821662, 1.197739, 4.0, 3.0]","[0.184527, -0.939221, 0.0, -0.537695, 0.103047, 0.874258, -0.847952, 0.181842, -0.879878, 0.636832, 0.950834, 0.34554, -0.619187, -0.896179, 0.836763, 0.575876]","[-0.486856, -0.05589, 0.0, 0.471391, -0.526929, 0.107596, -0.088888, 0.363852, -0.077589, -0.542715, 0.082085, -0.592069, 0.469098, -0.077516, 0.064269, -0.501012]"
Iwata Gyousho Std Bold,IWATA,Iwata Gyousho Std,"[0.058729, 0.048541, 0.161867, 0.091292, 0.10558, 0.173921, 0.004794, 0.164135, 0.210322, 0.045073, 0.058349, 0.297555, 0.378166, 0.326531, 0.092815, 0.45648, 0.115373, 0.232196, 0.100312, 0.057523, 0.023022, 0.405013, 0.154575, 0.131958]","[0.38811912, 0.44697743, 0.48121187, 0.56374809, 0.23092635, 0.24476994, 0.32506842, 0.20351093, 0.25048363, 0.40412814, 0.14187731, 18.88888889, 16.55555556, 0.16927294, 0.40009751, 1693.0, 2866249.0, 0.0, 50.5, 0.7527451, 0.29568883, 0.04357842, 4.0, 0.0, 38.0, 7.93366013, 0.28675614, 0.29425297, 1.0657835, 0.48978049, 1.0, 0.05924452, 1.0, 0.32725649, 0.07557998, 1.0, -17.0, 2.0, 0.73359073, 0.80891192, 0.02097345, 0.6, 0.1913548, 0.26315789, -11.30993249, 0.50684932, 0.475, 0.14693172, 0.1031746, 0.0, 0.0, 0.78539816, 0.0, 0.0, 0.98279372, 0.97490347, 0.0, 0.03158417, 1.601143, 5.0, 3.0]","[0.307441, 0.699285, 0.0, -0.236485, 0.368297, -0.536193, 0.644891, -0.280124, 0.687759, 0.36741, -0.540876, 0.451367, -0.292746, 0.618447, -0.678774, 0.337383]","[-0.131364, 0.395033, 0.0, 0.231932, -0.117549, -0.226093, 0.27974, -0.045833, 0.343569, -0.286822, -0.345417, -0.178141, 0.22662, 0.270272, -0.363823, -0.221561]"
Iwata Maru Gothic Std Light,IWATA,Iwata Maru Gothic Std,"[0.070426, 0.067001, 0.165496, 0.055551, 0.04593, 0.147854, 0.116585, 0.158094, 0.161019, 0.041362, 0.077393, 0.140655, 0.221134, 0.212363, 0.267902, 0.215129, 0.087691, 0.138996, 0.266413, 0.249997, 0.04574, 0.491574, 0.257516, 0.401899]","[0.28391251, 0.44289236, 0.47736501, 0.59685748, 0.25852462, 0.25940697, 0.25923987, 0.21832378, 0.16453871, 0.45376436, 0.16337315, 18.22222222, 19.11111111, 0.15683863, 0.70318678, 1581.0, 2499561.0, 0.0, 56.0, 0.73214286, 0.16854389, 0.01521838, 0.0, 0.0, 41.0, 3.95294118, 0.29427467, 0.2072419, 1.11880165, 1.30679581, 1.0, 0.0457366, 1.0, 0.29870749, 0.11235501, 1.0, 0.0, 3.0, 0.73214286, 0.68046762, 0.0006918, 0.0, 0.06090643, 0.12195122, 0.0, 0.52564103, 0.25806452, 0.18144611, 0.2784254, 0.0, 0.0, 0.0, 0.0, 0.0, 0.0, 1.0, 0.0, 0.00610079, 1.515697, 3.0, 2.0]","[0.218244, -0.33235, 0.0, -0.258139, 0.204777, -0.012888, 0.095827, -0.104074, 0.030982, 0.320002, 0.272396, 0.25698, -0.258298, -0.090211, 0.017716, 0.328129]","[-0.373856, 0.287615, 0.0, 0.411975, -0.372819, -0.220271, 0.241771, 0.181098, 0.250168, -0.456737, -0.282408, -0.438192, 0.416365, 0.243219, -0.275615, -0.429654]"
Iwata Fuku Marugo StdN Light,IWATA,Iwata Fuku Marugo,"[0.146782, 0.069851, 0.249755, 0.049105, 0.043504, 0.165914, 0.093183, 0.190122, 0.115622, 0.0378, 0.075219, 0.137866, 0.202901, 0.294539, 0.236983, 0.245344, 0.143081, 0.148219, 0.203468, 0.231064, 0.04037, 0.380493, 0.210871, 0.471908]","[0.25542116, 0.43425964, 0.48482547, 0.60248056, 0.25690221, 0.26079407, 0.26011693, 0.228102, 0.17056539, 0.45992157, 0.14141104, 19.0, 18.11111111, 0.1504247, 0.68327677, 1348.0, 1817104.0, 0.0, 51.5, 0.6408371, 0.1127386, 0.02256559, 0.0, 0.0, 33.0, 3.23257919, 0.23459108, 0.19706314, 1.14369501, 0.95870347, 1.0, 0.04415126, 1.0, 0.28656807, 0.12270153, 1.0, 0.0, 3.0, 0.62977099, 0.66083814, 0.0, 0.0, 0.08007183, 0.3030303, -12.52880772, 0.52380952, 0.47826087, 0.21691352, 0.26791898, 0.0, 0.83142857, 0.0, 0.0, 0.0, 0.0, 0.98282443, 0.0, 0.0, 1.442642, 3.0, 2.0]","[0.086615, -0.822062, 0.0, -0.289345, 0.06777, 0.632474, -0.450422, 0.095881, -0.606112, 0.473126, 0.863255, 0.27269, -0.414491, -0.679158, 0.263096, 0.456066]","[-0.218204, 0.3263, 0.0, 0.306778, -0.217261, -0.285957, 0.291205, 0.076916, 0.305904, -0.39296, -0.333592, -0.318636, 0.314726, 0.378988, -0.337807, -0.30654]"
Iwata Fuku Marugo StdN Bold,IWATA,Iwata Fuku Marugo,"[0.157417, 0.037439, 0.207963, 0.063599, 0.075731, 0.147329, 0.024517, 0.200584, 0.269256, 0.038252, 0.228109, 0.199405, 0.280414, 0.273534, 0.248209, 0.467346, 0.177741, 0.166534, 0.256808, 0.189185, 0.006729, 0.307226, 0.059274, -0.00204]","[0.49716583, 0.45634211, 0.4880242, 0.57283837, 0.23838205, 0.2462179, 0.27727979, 0.24332838, 0.17147505, 0.43181233, 0.15338424, 18.22222222, 16.22222222, 0.21886819, 0.54627957, 1574.0, 2477476.0, 0.0, 57.5, 0.64352692, 0.12052127, 0.03287757, 0.0, 0.0, 37.0, 10.20422323, 0.3599738, 0.42739267, 1.04347553, 0.78511498, 1.0, 0.17394825, 1.0, 0.29831302, 0.06386834, 1.0, 0.0, 3.0, 0.64236111, 0.84800181, 0.0001174, 0.0, 0.15830294, 0.16216216, -10.30484648, 0.51351351, 0.45454545, 0.19615856, 0.16182171, 3.32941176, 1.04105322, 0.98279372, 0.00482348, 0.00802002, 1.43373015, 0.99826389, 0.0, 0.0, 1.151842, 7.0, 4.0]","[0.344419, 0.278039, 0.0, -0.266838, 0.401551, -0.31732, 0.416301, -0.269962, 0.419386, 0.303809, -0.269956, 0.445192, -0.251245, 0.308246, -0.349443, 0.323813]","[-0.266178, 0.667701, 0.0, 0.382843, -0.225904, -0.521344, 0.568703, -0.033127, 0.58262, -0.392441, -0.63365, -0.28294, 0.388047, 0.54751, -0.625234, -0.379303]"
Heisei Kaku Gothic N W5,Adobe,Heisei Kaku Gothic N,"[0.204485, 0.055049, 0.240525, 0.064415, 0.226757, 0.104719, 0.043194, 0.212062, 0.16785, 0.037033, 0.172318, 0.185389, 0.208448, 0.18162, 0.274159, 0.338144, 0.151158, 0.161964, 0.226906, 0.299112, 0.034206, 0.471637, 0.10186, 0.019055]","[0.46329063, 0.45208435, 0.4817609, 0.60264686, 0.24153698, 0.25411344, 0.2114307, 0.244442, 0.13250024, 0.51041232, 0.11264544, 17.66666667, 14.77777778, 0.20965393, 0.68123129, 1472.0, 2166784.0, 0.0, 56.5, 0.71679198, 0.14788147, 0.02931791, 0.0, 0.0, 40.5, 8.35686275, 0.38164857, 0.40206465, 1.19215686, 1.13110091, 1.0, 0.10203139, 1.0, 0.26105811, 0.05084202, 1.0, 0.0, 1.0, 0.70804196, 0.80901913, 0.00134449, 0.0, 0.03769533, 0.24691358, 0.0, 0.525, 0.45238095, 0.17095588, 0.21240794, 0.0, 0.0, 0.0, 0.0, 0.0, 0.0, 0.98776224, 0.0, 0.0, 1.434763, 5.0, 4.0]","[0.205226, -0.772519, 0.0, -0.489023, 0.147199, 0.738975, -0.75149, 0.071793, -0.761092, 0.515715, 0.746112, 0.286226, -0.476969, -0.76651, 0.798127, 0.386592]","[-0.01329, -0.341403, 0.0, -0.042865, -0.042197, 0.304814, -0.312534, 0.068909, -0.271303, -0.013045, 0.321377, -0.049244, -0.04665, -0.281899, 0.291607, 0.02456]"
Heisei Mincho W5,Adobe,Heisei Mincho,"[0.09537, 0.062942, 0.311311, 0.05989, 0.283909, 0.177523, 0.073331, 0.319469, 0.155807, 0.042827, 0.073341, 0.189353, 0.055652, 0.256212, 0.276054, 0.280422, 0.101291, 0.167997, 0.235775, 0.117948, 0.047605, 0.416838, 0.248082, 0.17438]","[0.32559722, 0.45760393, 0.49292093, 0.55990261, 0.22446069, 0.26585453, 0.24208926, 0.2935323, 0.14480415, 0.42216533, 0.13949822, 19.88888889, 16.33333333, 0.14495521, 0.40140533, 1403.0, 1968409.0, 1.375, 52.5, 0.68559507, 0.13808758, 0.0418044, 0.0, 0.0, 36.0, 6.78039216, 0.20245628, 0.31956328, 2.30718954, 0.27363554, 1.0, 0.03469126, 1.0, 0.27753229, 0.19754892, 0.99964346, 0.0, 3.0, 0.68181818, 0.78725819, 0.0029543, 0.0, 0.1023513, 0.25, 0.0, 0.51388889, 0.40625, 0.19459707, 0.2700157, 4.07829568, 0.90666121, 0.23109067, 0.01132472, 0.13592345, 0.65284663, 0.99431818, 0.37211329, 0.0232395, 2.857155, 4.0, 2.0]","[0.162944, -0.774948, 0.0, -0.300661, 0.125105, 0.631747, -0.68012, 0.07248, -0.70492, 0.348571, 0.741579, 0.225583, -0.30905, -0.710054, 0.733712, 0.287223]","[0.236733, -0.766271, 0.0, -0.407166, 0.196847, 0.70748, -0.725863, 0.034521, -0.728952, 0.433821, 0.763641, 0.282787, -0.410722, -0.74072, 0.759951, 0.374149]"
Iwata Maru Gothic Pro Light,IWATA,Iwata Maru Gothic Pro,"[0.070426, 0.067001, 0.165496, 0.055551, 0.04593, 0.147854, 0.116585, 0.158094, 0.161019, 0.041362, 0.077393, 0.140655, 0.221134, 0.212363, 0.267902, 0.215129, 0.087691, 0.138996, 0.266413, 0.249997, 0.04574, 0.491574, 0.257516, 0.401899]","[0.28391251, 0.44289236, 0.47736501, 0.59685748, 0.25852462, 0.25940697, 0.25923987, 0.21832378, 0.16453871, 0.45376436, 0.16337315, 18.22222222, 19.11111111, 0.15683863, 0.70318678, 1581.0, 2499561.0, 0.0, 56.0, 0.73214286, 0.16854389, 0.01521838, 0.0, 0.0, 41.0, 3.95294118, 0.29427467, 0.2072419, 1.11880165, 1.30679581, 1.0, 0.0457366, 1.0, 0.29870749, 0.11235501, 1.0, 0.0, 3.0, 0.73214286, 0.68046762, 0.0006918, 0.0, 0.06090643, 0.12195122, 0.0, 0.52564103, 0.25806452, 0.18144611, 0.2784254, 0.0, 0.0, 0.0, 0.0, 0.0, 0.0, 1.0, 0.0, 0.00610079, 1.515697, 3.0, 2.0]","[0.218244, -0.33235, 0.0, -0.258139, 0.204777, -0.012888, 0.095827, -0.104074, 0.030982, 0.320002, 0.272396, 0.25698, -0.258298, -0.090211, 0.017716, 0.328129]","[-0.373856, 0.287615, 0.0, 0.411975, -0.372819, -0.220271, 0.241771, 0.181098, 0.250168, -0.456737, -0.282408, -0.438192, 0.416365, 0.243219, -0.275615, -0.429654]"
Iwata Kyokasyo Std Light,IWATA,Iwata Kyokasyo Std,"[0.089611, 0.066236, 0.194605, 0.055668, 0.047994, 0.150568, 0.105993, 0.182606, 0.140737, 0.041233, 0.082907, 0.144139, 0.199944, 0.255178, 0.266788, 0.245796, 0.073962, 0.138282, 0.267954, 0.269998, 0.044891, 0.440963, 0.271977, 0.38922]","[0.30894133, 0.44615585, 0.48018871, 0.59524508, 0.25958088, 0.25727952, 0.24970124, 0.23475823, 0.16498236, 0.46175026, 0.13850915, 18.33333333, 18.22222222, 0.1738339, 0.83216501, 1469.0, 2157961.0, 0.0, 48.0, 0.72916667, 0.16040786, 0.01791553, 0.0, 0.0, 35.0, 3.74313725, 0.28566331, 0.20864278, 1.06666667, 1.81113326, 1.0, 0.05014363, 1.0, 0.29578329, 0.10704317, 1.0, 0.0, 3.0, 0.72916667, 0.74513132, 0.0003513, 0.0, 0.04704154, 0.11428571, 0.0, 0.51470588, 0.1, 0.17121212, 0.25638158, 0.0, 0.0, 0.0, 0.0, 0.0, 0.0, 1.0, 0.0, 0.03814617, 1.486695, 3.0, 2.0]","[0.387735, -0.84058, 0.0, -0.628382, 0.343459, 0.73091, -0.702024, -0.04433, -0.755206, 0.691653, 0.831032, 0.537481, -0.651526, -0.774722, 0.649055, 0.650641]","[-0.301555, -0.162498, 0.0, 0.25889, -0.330432, 0.161843, -0.158473, 0.245013, -0.163347, -0.300753, 0.165343, -0.360922, 0.257706, -0.167064, 0.154743, -0.289005]"
